n,avg_ns,median_ns,std_ns,count
100,10760.0,11300.0,1512.3197780598884,10
1000,85710.0,89450.0,8766.913811471957,10
10000,203930.0,174450.0,125714.87183304926,10
100000,342320.0,359500.0,57875.878683034556,10
